firstname,surname,phone,email,city,list,id
Porter,Carver,+1(443)557-1220,c.porter@pruxlot.com,Miami,Accounting,100000
Martina,Guy,+1(137)885-8727,m-guy@pruxlot.com,Columbia,Media Relations,100001
Slade,Fitzpatrick,+1(276)213-7848,sfitzpatrick6777@pruxlot.com,Hattiesburg,Human Resources,100002
Jenna,Edwards,+1(099)632-8485,j.edwards6073@pruxlot.com,Tuscaloosa,Accounting,100003
Quamar,Henderson,+1(086)936-4688,hquamar7305@pruxlot.com,Columbus,Accounting,100004
Martena,Hunter,+1(078)456-2643,martena_hunter558@pruxlot.com,Tallahassee,Human Resources,100005
Ferdinand,Wheeler,+1(458)354-7618,wheelerferdinand6805@pruxlot.com,New Haven,Research and Development,100006
Vielka,Santos,+1(536)042-1832,s.vielka@pruxlot.com,Billings,Asset Management,100007
Andrew,Douglas,+1(655)756-9460,a.douglas6196@pruxlot.com,Frederick,Accounting,100008
Jemima,Reilly,+1(555)518-6812,jemimareilly@pruxlot.com,Portland,Media Relations,100009
Ryan,Robles,+1(966)333-6476,robles-ryan670@pruxlot.com,Frankfort,Finances,100010
Yvonne,Hartman,+1(157)282-0035,h-yvonne@pruxlot.com,Savannah,Customer Service,100011
Hunter,England,+1(424)126-6627,h_england5729@pruxlot.com,Tallahassee,Sales and Marketing,100012
Iliana,Morrow,+1(536)243-6337,morrowiliana1788@pruxlot.com,Dover,Quality Assurance,100013
Cameron,Fitzpatrick,+1(787)728-3976,f-cameron1202@pruxlot.com,Great Falls,Research and Development,100014
Hilary,Stephens,+1(772)218-6722,stephens_hilary3093@pruxlot.com,Los Angeles,Human Resources,100015
Montana,Sargent,+1(576)732-1053,msargent@pruxlot.com,Detroit,Payroll,100016
Alana,Vazquez,+1(306)878-1161,valana8143@pruxlot.com,Kearney,Sales and Marketing,100017
Alvin,Sherman,+1(363)852-3227,a_sherman@pruxlot.com,Augusta,Payroll,100018
Samson,Mann,+1(754)042-7362,samson.mann3118@pruxlot.com,College,Media Relations,100019
Paki,Whitley,+1(548)698-4536,p-whitley@pruxlot.com,Detroit,Quality Assurance,100020
Derek,Kinney,+1(458)687-3223,k-derek420@pruxlot.com,Missoula,Research and Development,100021
Cyrus,Jennings,+1(631)569-5422,c_jennings@pruxlot.com,Kearney,Human Resources,100022
Zoe,Burch,+1(302)321-5431,z_burch3692@pruxlot.com,Grand Rapids,Research and Development,100023
Lucius,Meyer,+1(241)125-6413,meyer_lucius3181@pruxlot.com,Burlington,Customer Service,100024
Shelley,Mcneil,+1(656)425-8317,s-mcneil@pruxlot.com,Cedar Rapids,Finances,100025
Charde,Wise,+1(152)525-6214,wisecharde4833@pruxlot.com,Kearney,Customer Relations,100026
Kirby,Carpenter,+1(244)075-8837,k_carpenter@pruxlot.com,Kearney,Customer Service,100027
Malcolm,Harris,+1(358)587-7122,harris-malcolm@pruxlot.com,Portland,Research and Development,100028
Declan,Oliver,+1(977)386-1721,doliver@pruxlot.com,Austin,Finances,100029
Zephr,Garrison,+1(520)429-4520,garrison-zephr2517@pruxlot.com,Boston,Customer Relations,100030
Mannix,Andrews,+1(213)615-1721,mannixandrews@pruxlot.com,Duluth,Media Relations,100031
Keane,Peterson,+1(149)747-2263,k-peterson@pruxlot.com,Miami,Human Resources,100032
Kai,Flowers,+1(133)788-6768,k-flowers@pruxlot.com,Chicago,Tech Support,100033
Demetria,Bowers,+1(779)503-5664,d-bowers@pruxlot.com,Grand Rapids,Tech Support,100034
Elvis,Patterson,+1(983)674-3696,e.patterson6684@pruxlot.com,Newport News,Customer Relations,100035
Malachi,Nixon,+1(585)447-5188,n-malachi128@pruxlot.com,Allentown,Payroll,100036
David,Clayton,+1(545)516-3944,david_clayton@pruxlot.com,Tuscaloosa,Quality Assurance,100037
Fulton,Riggs,+1(626)549-8412,rfulton4319@pruxlot.com,Newport News,Human Resources,100038
Idona,Mcmillan,+1(572)244-9282,i.mcmillan@pruxlot.com,Great Falls,Sales and Marketing,100039
Tiger,Cooper,+1(499)338-4649,coopertiger2533@pruxlot.com,Stamford,Asset Management,100040
Brynn,Puckett,+1(827)577-5129,p.brynn4797@pruxlot.com,Lawton,Asset Management,100041
Ariana,Vargas,+1(002)972-3770,arianavargas@pruxlot.com,Stamford,Accounting,100042
Caryn,Weiss,+1(732)153-7312,carynweiss8999@pruxlot.com,Gaithersburg,Finances,100043
Damon,Cherry,+1(620)690-7181,damon-cherry2569@pruxlot.com,Georgia,Asset Management,100044
Hakeem,Brennan,+1(566)527-8734,hakeembrennan6497@pruxlot.com,Meridian,Public Relations,100045
Madison,Floyd,+1(473)425-1817,floydmadison@pruxlot.com,Tuscaloosa,Quality Assurance,100046
Bradley,Hensley,+1(154)791-3385,hensley_bradley@pruxlot.com,Joliet,Payroll,100047
Denise,Gilmore,+1(638)148-8667,gilmore_denise@pruxlot.com,Detroit,Asset Management,100048
Ishmael,Bishop,+1(645)553-8612,bishop.ishmael9828@pruxlot.com,Springfield,Quality Assurance,100049
Karleigh,Pena,+1(393)444-8139,pena-karleigh@pruxlot.com,Rochester,Research and Development,100050
Sybil,Workman,+1(384)393-1111,sybil-workman@pruxlot.com,Cleveland,Public Relations,100051
Dai,Glover,+1(344)602-8185,daiglover462@pruxlot.com,Frederick,Customer Relations,100052
Rae,Boyer,+1(768)180-7535,rae_boyer3309@pruxlot.com,Huntsville,Customer Relations,100053
Dominique,Goff,+1(526)728-3654,d-goff@pruxlot.com,Pike Creek,Customer Relations,100054
Quail,Ross,+1(042)619-4532,q.ross@pruxlot.com,Chattanooga,Asset Management,100055
Cassidy,Garrett,+1(258)943-7468,garrettcassidy8954@pruxlot.com,Bridgeport,Advertising,100056
Elmo,Reilly,+1(208)682-2939,ereilly6582@pruxlot.com,Flint,Customer Service,100057
Simone,Browning,+1(294)102-2528,simone_browning@pruxlot.com,Casper,Asset Management,100058
Amena,Anderson,+1(062)431-6845,a-amena@pruxlot.com,Little Rock,Media Relations,100059
Alisa,Strickland,+1(009)158-1567,a.strickland@pruxlot.com,Reno,Finances,100060
Valentine,Dickson,+1(613)750-8622,valentine.dickson456@pruxlot.com,Eugene,Research and Development,100061
Barry,Berger,+1(816)586-5394,berger_barry6353@pruxlot.com,Minneapolis,Asset Management,100062
Camden,Powers,+1(897)251-9721,powerscamden@pruxlot.com,Annapolis,Customer Service,100063
Aaron,Cameron,+1(732)451-5461,aaron.cameron@pruxlot.com,Erie,Human Resources,100064
Michelle,Pruitt,+1(250)302-3517,pruitt-michelle4047@pruxlot.com,Colchester,Advertising,100065
Stewart,Kaufman,+1(602)217-6750,k_stewart@pruxlot.com,Kapolei,Legal Department,100066
Marshall,Vazquez,+1(309)772-6307,vazquez.marshall9450@pruxlot.com,Flint,Advertising,100067
Clark,Justice,+1(771)622-8737,jclark@pruxlot.com,Jefferson City,Advertising,100068
Clementine,Cantu,+1(054)852-0254,cantu.clementine7447@pruxlot.com,Montgomery,Quality Assurance,100069
Jolene,Rhodes,+1(350)798-9231,rhodes-jolene@pruxlot.com,Kailua,Media Relations,100070
Ira,Williamson,+1(167)786-3155,i.williamson@pruxlot.com,Iowa City,Customer Relations,100071
Noelle,Hicks,+1(438)556-4203,noelle_hicks@pruxlot.com,Olathe,Advertising,100072
Kuame,Roman,+1(136)087-1348,roman_kuame4864@pruxlot.com,Naperville,Legal Department,100073
Zephr,Charles,+1(356)234-1404,z-charles@pruxlot.com,Bloomington,Legal Department,100074
Shaine,Edwards,+1(428)756-9844,sedwards@pruxlot.com,Erie,Asset Management,100075
Raya,Holt,+1(164)725-6431,h.raya@pruxlot.com,Allentown,Legal Department,100076
Arsenio,Miller,+1(319)865-2337,arsenio.miller3421@pruxlot.com,Montgomery,Finances,100077
Brenden,Moreno,+1(781)701-7756,brenden.moreno4957@pruxlot.com,Great Falls,Advertising,100078
Rooney,Warren,+1(146)179-7213,warren.rooney@pruxlot.com,Tampa,Customer Service,100079
Walker,Cunningham,+1(358)212-7540,cunningham_walker@pruxlot.com,Phoenix,Quality Assurance,100080
Ciara,Long,+1(803)616-2210,c-long@pruxlot.com,Biloxi,Media Relations,100081
Erasmus,Page,+1(556)941-6881,erasmus-page57@pruxlot.com,Tacoma,Finances,100082
Regan,Osborne,+1(773)875-8512,regan.osborne2397@pruxlot.com,Hilo,Asset Management,100083
Bradley,Black,+1(312)064-2078,blackbradley5106@pruxlot.com,Gillette,Advertising,100084
Wylie,Banks,+1(683)762-4460,w.banks@pruxlot.com,Baton Rouge,Legal Department,100085
Scarlett,Cleveland,+1(237)233-8684,s-cleveland@pruxlot.com,Frankfort,Sales and Marketing,100086
Lev,Macdonald,+1(878)484-5827,l_macdonald@pruxlot.com,Omaha,Advertising,100087
Ashton,Wells,+1(859)524-9597,ashtonwells@pruxlot.com,Missoula,Public Relations,100088
Deborah,Hurley,+1(545)141-0431,d.hurley778@pruxlot.com,Sioux City,Customer Service,100089
Zia,Lynn,+1(731)899-2801,zlynn@pruxlot.com,West Jordan,Payroll,100090
Ignacia,Boone,+1(828)315-7316,booneignacia6305@pruxlot.com,Honolulu,Legal Department,100091
Leigh,Logan,+1(137)422-7697,lleigh@pruxlot.com,Gary,Asset Management,100092
Nash,Potts,+1(744)490-2763,n.potts3484@pruxlot.com,Independence,Asset Management,100093
Serena,Griffith,+1(644)134-7192,s-griffith@pruxlot.com,Atlanta,Payroll,100094
Timothy,Vazquez,+1(462)377-2146,v-timothy@pruxlot.com,West Jordan,Human Resources,100095
Ursa,Holt,+1(108)734-2827,u-holt4828@pruxlot.com,Saint Paul,Accounting,100096
Armando,Snyder,+1(242)573-1187,armando.snyder7509@pruxlot.com,Anchorage,Public Relations,100097
Ivor,Keller,+1(737)368-0057,i-keller9612@pruxlot.com,Minneapolis,Human Resources,100098
Haley,Stephenson,+1(366)564-1153,h_stephenson@pruxlot.com,Miami,Asset Management,100099
